dataset_name,primary_scope,release_date,last_verified,patients_or_cases,images_or_visits,countries_centres,modalities,labels_annotations,patient_metadata,patient_level_split,access,licence,original_data,dataset_url,publication_url,code_url,key_limitation,promising_research_use
MeMoSA,Oral mucosal lesions and referral triage,2026-03-07,2026-09-28,6426,30039 images,"Malaysia; India; Indonesia; Sri Lanka; Nepal",Smartphone clinical photographs,Clinically labelled mucosal regions and lesions,Patient- and lesion-level metadata,Yes,Public,Mixed by contributing centre,Yes,https://doi.org/10.1038/s41597-026-06998-7,https://doi.org/10.1038/s41597-026-06998-7,,Heterogeneous labels and acquisition devices,Country-held-out uncertainty-aware referral triage
SMART-OM,Oral mucosa OPMD and cancer,2026-02-01,2026-09-28,331,2469 images,"Chennai and surrounding camps; India",Smartphone clinical photographs,"Normal; variation from normal; OPMD; oral cancer; region annotations","Age/sex and anonymized participant metadata described",Yes,Public,CC BY 4.0,Yes,https://doi.org/10.6084/m9.figshare.31341790.v1,https://doi.org/10.1038/s41597-026-06954-5,,Only 20 oral-cancer images,External validation of referral rather than definitive diagnosis
Alexandria OSCC,OSCC histopathology,2026-02-15,2026-09-28,115,1714 images,"Alexandria University; Egypt",H&E selected microscopy fields at 100x and 400x,Image-level OSCC versus normal; three-pathologist verification,"Age; sex; anatomical site collected but row-level public availability requires verification",Reported yes,Public,CC BY 4.0,Yes,https://doi.org/10.17632/7m9zkcx539.1,https://doi.org/10.59275/j.melba.2026-273d,,Binary selected-field task with age/site confounding,External multicentre dual-magnification OSCC classification
SinaiU-OMP,Oral and maxillofacial histopathology,2026-01-15,2026-09-28,Not reported,300 images,"Sinai University Arish; Egypt",H&E selected microscopy fields,"Normal; OSCC; OKC; plexiform ameloblastoma; pleomorphic adenoma",Limited publicly documented metadata,Unverified,Public,CC BY 4.0,Yes,https://doi.org/10.17632/y9cjhmf8rz.1,https://doi.org/10.1038/s41598-026-70053-z,,Patient/specimen grouping not publicly verified,External Egyptian domain-shift evaluation after grouping verification
Multi-OSCC,OSCC diagnosis and prognosis,2025-08-01,2026-09-28,1325,"7950 images; approximately 34 GB",China,H&E selected microscopy images at 200x 400x and 1000x,"Recurrence; lymph-node metastasis; differentiation; invasion; cancer embolus; perineural invasion",Patient-linked diagnostic and prognostic endpoints,Yes,Public,Source repository terms apply,Yes,https://doi.org/10.5281/zenodo.16842637,https://doi.org/10.1038/s41597-026-06736-z,https://github.com/guanjinquan/OSCC-PathologyImageDataset,Selected fields rather than whole-slide images; approximately 34 GB download,Interpretable multiscale recurrence and metastatic-risk prediction
Multicentre Oral Cytology,Oral cytology screening,2026-06-14,2026-09-28,See repository,WSIs patches and nucleus annotations,Multicentre,Pap- and MGG-stained whole-slide cytology,"Slide labels; patches; expert nucleus-level GeoJSON annotations",Patient- and slide-level metadata,Yes,Public,See Zenodo record,Yes,https://zenodo.org/records/20686132,https://arxiv.org/abs/2506.09661,,Large multipart release and computationally demanding WSIs,Cross-stain nucleus detection and slide-level risk assessment
DOLCHID,Odontogenic lesion diagnosis,2026-03-27,2026-09-28,262,262 paired cases,"Wuhan University; China",Volumetric CBCT and H&E histopathology,"Ameloblastoma; odontogenic keratocyst; radicular cyst; dentigerous cyst; CBCT segmentations",Age and sex summarized,Yes,Public,CC BY,Yes,https://doi.org/10.6084/m9.figshare.30156622,https://doi.org/10.1038/s41597-026-07112-7,https://github.com/ZimoHZM/DOLCHID,Single-centre four-class lesion spectrum,Pathology-guided knowledge distillation for CBCT diagnosis
COde,Longitudinal multimodal oro-dental care,2026-04-30,2026-09-28,4800,8775 checkups,"Single outpatient clinic Suzhou; China","Approximately 50000 intraoral photographs; 8056 radiographs; bilingual clinical text",More than 120 clinician-recorded conditions and benchmark labels,"Complaints; histories; findings; diagnoses; plans; follow-up; patient and visit IDs",Yes,Public,CC BY 4.0,Yes,https://huggingface.co/datasets/zirak-ai/COde,https://doi.org/10.1038/s41597-026-07342-9,https://github.com/zirak-ai/COde,Single centre and current dataset-viewer schema error,Patient-level and temporal leakage benchmark for dental vision-language models
Annotated Oral Cavity Images,Oral mucosal lesions and cancer,2024-02-15,2026-09-28,714,3000 images,"University of Peradeniya; Sri Lanka",Clinical oral photographs,"Healthy; benign; OPMD; oral cancer; polygon/COCO annotations","Age; sex; diagnosis; risk factors",Yes,"Controlled access; institutional email and study description required",See Zenodo record,Yes,https://zenodo.org/records/10664056,https://doi.org/10.1016/j.oraloncology.2024.106946,,Access approval required,Patient-level external validation of OPMD and cancer referral
Cairo Annotated Oral Lesions,Oral lesion risk triage,2024-12-28,2026-09-28,Not reported,9201 images,"Cairo University; Egypt",Intraoral clinical photographs,"Normal; low-risk; high-risk; LabelMe JSON regions",Patient-level metadata not publicly documented,Unverified,"Controlled/non-commercial",Repository terms apply,Yes,https://zenodo.org/records/14571990,https://doi.org/10.1038/s41415-025-9007-6,,Patient count and grouping require author confirmation,Egyptian lesion-localization and risk-triage validation
Oral Images Dataset,Oral lesion classification,2022-06-01,2026-09-28,Not reported,"323 original images plus augmented derivatives",Not clearly documented,Clinical oral photographs,"165 benign; 158 malignant; augmented folders",Not documented,Unverified,Public,CC BY 4.0,Yes,https://data.mendeley.com/datasets/mhjyrn35p4/2,,,Patient grouping and primary clinical provenance are limited,Audit augmentation leakage before benign-versus-malignant benchmarking
ORCHID,Oral pathology classification,2024-07-04,2026-09-28,Not reported,Approximately 300000 patches,"Multicentre; India",H&E histopathology patches,"Normal; OSMF; well moderately and poorly differentiated OSCC",Limited public metadata; slide grouping should be verified,Partial,Public,Repository terms apply,Yes,https://zenodo.org/records/12636426,https://pubmed.ncbi.nlm.nih.gov/39333529/,https://ai-orchid.github.io/ORCHID-web/,Patch count can exaggerate effective sample size,Slide-held-out grading and OSMF-to-OSCC domain generalization
NDB-UFES,Leukoplakia dysplasia and OSCC histopathology,2023-02-20,2026-09-28,Not reported,237 images,"Federal University of Espirito Santo; Brazil",H&E histopathology images,"Leukoplakia with dysplasia; leukoplakia without dysplasia; OSCC","Clinical and demographic variables described",Unverified,Public,CC BY 4.0,Yes,https://data.mendeley.com/datasets/bbmmm4wgr8,https://doi.org/10.1016/j.dib.2023.109033,,Small dataset and patient grouping must be checked,Dysplasia-aware progression-risk representation with external validation
Rahman Oral Histopathology,OSCC histopathology,2020-01-23,2026-09-28,230,1224 images,India,H&E microscopy at 100x and 400x,Normal versus OSCC,Patient grouping described in source,Yes,Public,CC BY 4.0,Yes,https://data.mendeley.com/datasets/ftmp4cvtmb/2,https://doi.org/10.1016/j.dib.2020.105114,,Frequently repackaged and augmented on Kaggle,Patient-level cross-dataset OSCC validation
OCDC,OSCC tumour segmentation,2023-03-17,2026-09-28,Not reported,"1020 patches from 15 whole-slide images",Not clearly documented,H&E whole-slide-derived patches,Pixel-level tumour annotations,WSI identifiers are the essential grouping variable,Yes,Public,Repository terms apply,Yes,https://data.mendeley.com/datasets/9bsc36jyrt/1,https://arxiv.org/abs/2303.10172,,Only 15 source slides; patch-level random splitting is invalid,WSI-held-out tumour segmentation and uncertainty mapping
IISc OPMD WSI Repository,OPMD histopathology,Not reported,2026-09-28,Not reported,Whole-slide repository,"IISc and collaborators; India",H&E whole-slide images,OPMD pathology labels,Metadata availability requires application review,Unverified,Repository access conditions,See source site,Yes,https://www.midas.iisc.ac.in/fe/datasets/oral/oral-pathology-a-whole-slide-imaging-repository-for-opmd,,,Counts licence and access must be confirmed before protocol registration,Weakly supervised OPMD grading after case-level audit
COOP,Oral pathology education and research cases,Ongoing,2026-09-28,Not reported,De-identified scanned cases,Collaborative Oral and Maxillofacial Pathology Consortium,Digital pathology cases,Case diagnoses and educational annotations,Case-level information varies,Partial,Web repository,Site terms apply,Yes,https://openoralpathology.org/,,,Not a fixed standardized benchmark,Curated rare-disease retrieval or foundation-model pretraining after permission review
AIKosh Oral Cancer Imaging and Clinical Dataset,Multimodal oral cancer,Not reported,2026-09-28,Not reported,Not reported,India,"Clinical; radiological; histopathological",Oral cavity tongue and jaw cancer labels,Clinical metadata described,Unverified,Registration or approval may be required,Platform terms apply,Yes,https://aikosh.indiaai.gov.in/home/datasets/details/oral_cancer_imaging_and_clinical_dataset.html,,,Counts and licence require account-level verification,Multimodal oral-cancer diagnosis and missing-modality modelling
lyDATA KSA Oral Cavity,Lymphatic metastatic progression,2026-07-07,2026-09-28,66,66 patient records,"Single centre; Saudi Arabia",Structured clinical nodal-progression data,Oral cavity OSCC lymphatic involvement and treatment variables,Patient-level clinical variables,Yes,Public,CC BY 4.0,Yes,https://zenodo.org/records/18231357,,,Small single-centre cohort,External validation of lymphatic-spread and nodal-risk models
TCGA-HNSC,Head and neck cancer multi-omics,2015,2026-09-28,528,528 project cases,Multicentre United States,"Genomics; transcriptomics; pathology slides; clinical records",HNSCC molecular and clinical endpoints,"Demographics; site; stage; treatment; outcomes",Yes,Mixed open and controlled,GDC data-use terms,Mixed,https://portal.gdc.cancer.gov/projects/TCGA-HNSC,https://doi.org/10.1038/nature14129,,Mixed head-and-neck subsites require strict oral-cavity filtering,Oral-cavity-specific multimodal prognostic modelling with external validation
CPTAC-HNSCC,Head and neck cancer proteogenomics and imaging,2021,2026-09-28,207,"207 patients; multimodal files","CPTAC multicentre; United States","CT; MR; PET; pathology WSI; clinical; genomics; proteomics",HNSCC diagnosis and molecular/clinical endpoints,Patient-linked multimodal metadata,Yes,Public and controlled components,TCIA and CPTAC terms,Mixed,https://www.cancerimagingarchive.net/collection/cptac-hnscc/,https://doi.org/10.1016/j.ccell.2021.01.006,,Mixed anatomical subsites and very large download,Oral-subsite-filtered radiology-pathology-proteomic fusion
HANCOCK,Head and neck cancer multimodal cohort,2024,2026-09-28,763,"13684 pathology images; 4.5 TB",Germany,"H&E WSI and TMA; clinical; laboratory; text",Head-and-neck cancer pathology and outcome variables,Patient-linked clinical and laboratory metadata,Yes,Public,CC BY 4.0,Mixed,https://doi.org/10.7937/rcty-5h16,https://www.cancerimagingarchive.net/collection/hancock/,,Includes non-oral head-and-neck sites,Large-scale oral-subsite external validation and multimodal survival modelling
SMART-SMITA evolving release,Oral mucosal smartphone imaging,2025-07-22,2026-09-28,Not reported,Versioned evolving collection,India,Smartphone clinical photographs,Oral lesion labels and regions,Metadata varies by release,Unverified,Public,See Zenodo record,Mixed,https://zenodo.org/records/16313710,,,Possible overlap with SMART-OM requires hash and participant audit,Version-aware robustness study after deduplication
Oral AI Prediction Outputs,Model predictions only,2026,2026-09-28,Not applicable,Prediction CSV files,Not applicable,Tabular prediction outputs,Model scores and predicted labels,No source-patient data,No,Public,See Zenodo record,No,https://doi.org/10.5281/zenodo.19551358,,,Not a source image dataset,Reproducibility and calibration reanalysis only
Kaggle Oral Cancer Lips and Tongue,Oral cancer image classification,Not reported,2026-09-28,Not reported,Not reliably documented,Unclear,Clinical images,Lips and tongue cancer classes,Not documented,Unverified,Public Kaggle download,Kaggle page terms,Unclear,https://www.kaggle.com/datasets/shivam17299/oral-cancer-lips-and-tongue-images,,,Primary provenance and patient grouping unclear; may contain web-scraped or repackaged images,Do not use for clinical claims until provenance and duplicates are audited
